plate_key,population,acclimation_level,well,n_level,plate,multitron,slot
1,25,LL,B02,N1,1,5,15
1,25,LL,B02,N2,4,5,19
1,25,LL,B02,N3,7,5,8
1,25,LL,B02,N4,10,5,18
1,25,LL,B02,N5,13,6,9
1,25,HL,B02,N6,16,5,3
1,25,HL,B02,N7,19,4,8
1,25,HL,B02,N8,22,6,17
1,25,HL,B02,N9,25,4,15
1,25,HL,B02,N10,28,6,3
1,19,LL,B03,N1,1,5,15
1,19,LL,B03,N2,4,5,19
1,19,LL,B03,N3,7,5,8
1,19,LL,B03,N4,10,5,18
1,19,LL,B03,N5,13,6,9
1,19,HL,B03,N6,16,5,3
1,19,HL,B03,N7,19,4,8
1,19,HL,B03,N8,22,6,17
1,19,HL,B03,N9,25,4,15
1,19,HL,B03,N10,28,6,3
1,14,LL,B04,N1,1,5,15
1,14,LL,B04,N2,4,5,19
1,14,LL,B04,N3,7,5,8
1,14,LL,B04,N4,10,5,18
1,14,LL,B04,N5,13,6,9
1,14,HL,B04,N6,16,5,3
1,14,HL,B04,N7,19,4,8
1,14,HL,B04,N8,22,6,17
1,14,HL,B04,N9,25,4,15
1,14,HL,B04,N10,28,6,3
1,8,LL,B05,N1,1,5,15
1,8,LL,B05,N2,4,5,19
1,8,LL,B05,N3,7,5,8
1,8,LL,B05,N4,10,5,18
1,8,LL,B05,N5,13,6,9
1,8,HL,B05,N6,16,5,3
1,8,HL,B05,N7,19,4,8
1,8,HL,B05,N8,22,6,17
1,8,HL,B05,N9,25,4,15
1,8,HL,B05,N10,28,6,3
1,23,LL,B06,N1,1,5,15
1,23,LL,B06,N2,4,5,19
1,23,LL,B06,N3,7,5,8
1,23,LL,B06,N4,10,5,18
1,23,LL,B06,N5,13,6,9
1,23,HL,B06,N6,16,5,3
1,23,HL,B06,N7,19,4,8
1,23,HL,B06,N8,22,6,17
1,23,HL,B06,N9,25,4,15
1,23,HL,B06,N10,28,6,3
1,11,LL,B07,N1,1,5,15
1,11,LL,B07,N2,4,5,19
1,11,LL,B07,N3,7,5,8
1,11,LL,B07,N4,10,5,18
1,11,LL,B07,N5,13,6,9
1,11,HL,B07,N6,16,5,3
1,11,HL,B07,N7,19,4,8
1,11,HL,B07,N8,22,6,17
1,11,HL,B07,N9,25,4,15
1,11,HL,B07,N10,28,6,3
1,anc5,LL,B08,N1,1,5,15
1,anc5,LL,B08,N2,4,5,19
1,anc5,LL,B08,N3,7,5,8
1,anc5,LL,B08,N4,10,5,18
1,anc5,LL,B08,N5,13,6,9
1,anc5,HL,B08,N6,16,5,3
1,anc5,HL,B08,N7,19,4,8
1,anc5,HL,B08,N8,22,6,17
1,anc5,HL,B08,N9,25,4,15
1,anc5,HL,B08,N10,28,6,3
1,1,LL,B09,N1,1,5,15
1,1,LL,B09,N2,4,5,19
1,1,LL,B09,N3,7,5,8
1,1,LL,B09,N4,10,5,18
1,1,LL,B09,N5,13,6,9
1,1,HL,B09,N6,16,5,3
1,1,HL,B09,N7,19,4,8
1,1,HL,B09,N8,22,6,17
1,1,HL,B09,N9,25,4,15
1,1,HL,B09,N10,28,6,3
1,cc1629,LL,B10,N1,1,5,15
1,cc1629,LL,B10,N2,4,5,19
1,cc1629,LL,B10,N3,7,5,8
1,cc1629,LL,B10,N4,10,5,18
1,cc1629,LL,B10,N5,13,6,9
1,cc1629,HL,B10,N6,16,5,3
1,cc1629,HL,B10,N7,19,4,8
1,cc1629,HL,B10,N8,22,6,17
1,cc1629,HL,B10,N9,25,4,15
1,cc1629,HL,B10,N10,28,6,3
1,24,LL,B11,N1,1,5,15
1,24,LL,B11,N2,4,5,19
1,24,LL,B11,N3,7,5,8
1,24,LL,B11,N4,10,5,18
1,24,LL,B11,N5,13,6,9
1,24,HL,B11,N6,16,5,3
1,24,HL,B11,N7,19,4,8
1,24,HL,B11,N8,22,6,17
1,24,HL,B11,N9,25,4,15
1,24,HL,B11,N10,28,6,3
1,6,LL,C02,N1,1,5,15
1,6,LL,C02,N2,4,5,19
1,6,LL,C02,N3,7,5,8
1,6,LL,C02,N4,10,5,18
1,6,LL,C02,N5,13,6,9
1,6,HL,C02,N6,16,5,3
1,6,HL,C02,N7,19,4,8
1,6,HL,C02,N8,22,6,17
1,6,HL,C02,N9,25,4,15
1,6,HL,C02,N10,28,6,3
1,33,LL,C03,N1,1,5,15
1,33,LL,C03,N2,4,5,19
1,33,LL,C03,N3,7,5,8
1,33,LL,C03,N4,10,5,18
1,33,LL,C03,N5,13,6,9
1,33,HL,C03,N6,16,5,3
1,33,HL,C03,N7,19,4,8
1,33,HL,C03,N8,22,6,17
1,33,HL,C03,N9,25,4,15
1,33,HL,C03,N10,28,6,3
1,32,LL,C04,N1,1,5,15
1,32,LL,C04,N2,4,5,19
1,32,LL,C04,N3,7,5,8
1,32,LL,C04,N4,10,5,18
1,32,LL,C04,N5,13,6,9
1,32,HL,C04,N6,16,5,3
1,32,HL,C04,N7,19,4,8
1,32,HL,C04,N8,22,6,17
1,32,HL,C04,N9,25,4,15
1,32,HL,C04,N10,28,6,3
1,25,LL,C05,N1,1,5,15
1,25,LL,C05,N2,4,5,19
1,25,LL,C05,N3,7,5,8
1,25,LL,C05,N4,10,5,18
1,25,LL,C05,N5,13,6,9
1,25,HL,C05,N6,16,5,3
1,25,HL,C05,N7,19,4,8
1,25,HL,C05,N8,22,6,17
1,25,HL,C05,N9,25,4,15
1,25,HL,C05,N10,28,6,3
1,1,LL,C06,N1,1,5,15
1,1,LL,C06,N2,4,5,19
1,1,LL,C06,N3,7,5,8
1,1,LL,C06,N4,10,5,18
1,1,LL,C06,N5,13,6,9
1,1,HL,C06,N6,16,5,3
1,1,HL,C06,N7,19,4,8
1,1,HL,C06,N8,22,6,17
1,1,HL,C06,N9,25,4,15
1,1,HL,C06,N10,28,6,3
1,11,LL,C07,N1,1,5,15
1,11,LL,C07,N2,4,5,19
1,11,LL,C07,N3,7,5,8
1,11,LL,C07,N4,10,5,18
1,11,LL,C07,N5,13,6,9
1,11,HL,C07,N6,16,5,3
1,11,HL,C07,N7,19,4,8
1,11,HL,C07,N8,22,6,17
1,11,HL,C07,N9,25,4,15
1,11,HL,C07,N10,28,6,3
1,cc1629,LL,C08,N1,1,5,15
1,cc1629,LL,C08,N2,4,5,19
1,cc1629,LL,C08,N3,7,5,8
1,cc1629,LL,C08,N4,10,5,18
1,cc1629,LL,C08,N5,13,6,9
1,cc1629,HL,C08,N6,16,5,3
1,cc1629,HL,C08,N7,19,4,8
1,cc1629,HL,C08,N8,22,6,17
1,cc1629,HL,C08,N9,25,4,15
1,cc1629,HL,C08,N10,28,6,3
1,6,LL,C09,N1,1,5,15
1,6,LL,C09,N2,4,5,19
1,6,LL,C09,N3,7,5,8
1,6,LL,C09,N4,10,5,18
1,6,LL,C09,N5,13,6,9
1,6,HL,C09,N6,16,5,3
1,6,HL,C09,N7,19,4,8
1,6,HL,C09,N8,22,6,17
1,6,HL,C09,N9,25,4,15
1,6,HL,C09,N10,28,6,3
1,23,LL,C10,N1,1,5,15
1,23,LL,C10,N2,4,5,19
1,23,LL,C10,N3,7,5,8
1,23,LL,C10,N4,10,5,18
1,23,LL,C10,N5,13,6,9
1,23,HL,C10,N6,16,5,3
1,23,HL,C10,N7,19,4,8
1,23,HL,C10,N8,22,6,17
1,23,HL,C10,N9,25,4,15
1,23,HL,C10,N10,28,6,3
1,anc5,LL,C11,N1,1,5,15
1,anc5,LL,C11,N2,4,5,19
1,anc5,LL,C11,N3,7,5,8
1,anc5,LL,C11,N4,10,5,18
1,anc5,LL,C11,N5,13,6,9
1,anc5,HL,C11,N6,16,5,3
1,anc5,HL,C11,N7,19,4,8
1,anc5,HL,C11,N8,22,6,17
1,anc5,HL,C11,N9,25,4,15
1,anc5,HL,C11,N10,28,6,3
1,24,LL,D02,N1,1,5,15
1,24,LL,D02,N2,4,5,19
1,24,LL,D02,N3,7,5,8
1,24,LL,D02,N4,10,5,18
1,24,LL,D02,N5,13,6,9
1,24,HL,D02,N6,16,5,3
1,24,HL,D02,N7,19,4,8
1,24,HL,D02,N8,22,6,17
1,24,HL,D02,N9,25,4,15
1,24,HL,D02,N10,28,6,3
1,8,LL,D03,N1,1,5,15
1,8,LL,D03,N2,4,5,19
1,8,LL,D03,N3,7,5,8
1,8,LL,D03,N4,10,5,18
1,8,LL,D03,N5,13,6,9
1,8,HL,D03,N6,16,5,3
1,8,HL,D03,N7,19,4,8
1,8,HL,D03,N8,22,6,17
1,8,HL,D03,N9,25,4,15
1,8,HL,D03,N10,28,6,3
1,19,LL,D04,N1,1,5,15
1,19,LL,D04,N2,4,5,19
1,19,LL,D04,N3,7,5,8
1,19,LL,D04,N4,10,5,18
1,19,LL,D04,N5,13,6,9
1,19,HL,D04,N6,16,5,3
1,19,HL,D04,N7,19,4,8
1,19,HL,D04,N8,22,6,17
1,19,HL,D04,N9,25,4,15
1,19,HL,D04,N10,28,6,3
1,33,LL,D05,N1,1,5,15
1,33,LL,D05,N2,4,5,19
1,33,LL,D05,N3,7,5,8
1,33,LL,D05,N4,10,5,18
1,33,LL,D05,N5,13,6,9
1,33,HL,D05,N6,16,5,3
1,33,HL,D05,N7,19,4,8
1,33,HL,D05,N8,22,6,17
1,33,HL,D05,N9,25,4,15
1,33,HL,D05,N10,28,6,3
1,14,LL,D06,N1,1,5,15
1,14,LL,D06,N2,4,5,19
1,14,LL,D06,N3,7,5,8
1,14,LL,D06,N4,10,5,18
1,14,LL,D06,N5,13,6,9
1,14,HL,D06,N6,16,5,3
1,14,HL,D06,N7,19,4,8
1,14,HL,D06,N8,22,6,17
1,14,HL,D06,N9,25,4,15
1,14,HL,D06,N10,28,6,3
1,32,LL,D07,N1,1,5,15
1,32,LL,D07,N2,4,5,19
1,32,LL,D07,N3,7,5,8
1,32,LL,D07,N4,10,5,18
1,32,LL,D07,N5,13,6,9
1,32,HL,D07,N6,16,5,3
1,32,HL,D07,N7,19,4,8
1,32,HL,D07,N8,22,6,17
1,32,HL,D07,N9,25,4,15
1,32,HL,D07,N10,28,6,3
1,32,LL,D08,N1,1,5,15
1,32,LL,D08,N2,4,5,19
1,32,LL,D08,N3,7,5,8
1,32,LL,D08,N4,10,5,18
1,32,LL,D08,N5,13,6,9
1,32,HL,D08,N6,16,5,3
1,32,HL,D08,N7,19,4,8
1,32,HL,D08,N8,22,6,17
1,32,HL,D08,N9,25,4,15
1,32,HL,D08,N10,28,6,3
1,14,LL,D09,N1,1,5,15
1,14,LL,D09,N2,4,5,19
1,14,LL,D09,N3,7,5,8
1,14,LL,D09,N4,10,5,18
1,14,LL,D09,N5,13,6,9
1,14,HL,D09,N6,16,5,3
1,14,HL,D09,N7,19,4,8
1,14,HL,D09,N8,22,6,17
1,14,HL,D09,N9,25,4,15
1,14,HL,D09,N10,28,6,3
1,19,LL,D10,N1,1,5,15
1,19,LL,D10,N2,4,5,19
1,19,LL,D10,N3,7,5,8
1,19,LL,D10,N4,10,5,18
1,19,LL,D10,N5,13,6,9
1,19,HL,D10,N6,16,5,3
1,19,HL,D10,N7,19,4,8
1,19,HL,D10,N8,22,6,17
1,19,HL,D10,N9,25,4,15
1,19,HL,D10,N10,28,6,3
1,11,LL,D11,N1,1,5,15
1,11,LL,D11,N2,4,5,19
1,11,LL,D11,N3,7,5,8
1,11,LL,D11,N4,10,5,18
1,11,LL,D11,N5,13,6,9
1,11,HL,D11,N6,16,5,3
1,11,HL,D11,N7,19,4,8
1,11,HL,D11,N8,22,6,17
1,11,HL,D11,N9,25,4,15
1,11,HL,D11,N10,28,6,3
1,1,LL,E02,N1,1,5,15
1,1,LL,E02,N2,4,5,19
1,1,LL,E02,N3,7,5,8
1,1,LL,E02,N4,10,5,18
1,1,LL,E02,N5,13,6,9
1,1,HL,E02,N6,16,5,3
1,1,HL,E02,N7,19,4,8
1,1,HL,E02,N8,22,6,17
1,1,HL,E02,N9,25,4,15
1,1,HL,E02,N10,28,6,3
1,25,LL,E03,N1,1,5,15
1,25,LL,E03,N2,4,5,19
1,25,LL,E03,N3,7,5,8
1,25,LL,E03,N4,10,5,18
1,25,LL,E03,N5,13,6,9
1,25,HL,E03,N6,16,5,3
1,25,HL,E03,N7,19,4,8
1,25,HL,E03,N8,22,6,17
1,25,HL,E03,N9,25,4,15
1,25,HL,E03,N10,28,6,3
1,cc1629,LL,E04,N1,1,5,15
1,cc1629,LL,E04,N2,4,5,19
1,cc1629,LL,E04,N3,7,5,8
1,cc1629,LL,E04,N4,10,5,18
1,cc1629,LL,E04,N5,13,6,9
1,cc1629,HL,E04,N6,16,5,3
1,cc1629,HL,E04,N7,19,4,8
1,cc1629,HL,E04,N8,22,6,17
1,cc1629,HL,E04,N9,25,4,15
1,cc1629,HL,E04,N10,28,6,3
1,23,LL,E05,N1,1,5,15
1,23,LL,E05,N2,4,5,19
1,23,LL,E05,N3,7,5,8
1,23,LL,E05,N4,10,5,18
1,23,LL,E05,N5,13,6,9
1,23,HL,E05,N6,16,5,3
1,23,HL,E05,N7,19,4,8
1,23,HL,E05,N8,22,6,17
1,23,HL,E05,N9,25,4,15
1,23,HL,E05,N10,28,6,3
1,24,LL,E06,N1,1,5,15
1,24,LL,E06,N2,4,5,19
1,24,LL,E06,N3,7,5,8
1,24,LL,E06,N4,10,5,18
1,24,LL,E06,N5,13,6,9
1,24,HL,E06,N6,16,5,3
1,24,HL,E06,N7,19,4,8
1,24,HL,E06,N8,22,6,17
1,24,HL,E06,N9,25,4,15
1,24,HL,E06,N10,28,6,3
1,anc5,LL,E07,N1,1,5,15
1,anc5,LL,E07,N2,4,5,19
1,anc5,LL,E07,N3,7,5,8
1,anc5,LL,E07,N4,10,5,18
1,anc5,LL,E07,N5,13,6,9
1,anc5,HL,E07,N6,16,5,3
1,anc5,HL,E07,N7,19,4,8
1,anc5,HL,E07,N8,22,6,17
1,anc5,HL,E07,N9,25,4,15
1,anc5,HL,E07,N10,28,6,3
1,33,LL,E08,N1,1,5,15
1,33,LL,E08,N2,4,5,19
1,33,LL,E08,N3,7,5,8
1,33,LL,E08,N4,10,5,18
1,33,LL,E08,N5,13,6,9
1,33,HL,E08,N6,16,5,3
1,33,HL,E08,N7,19,4,8
1,33,HL,E08,N8,22,6,17
1,33,HL,E08,N9,25,4,15
1,33,HL,E08,N10,28,6,3
1,6,LL,E09,N1,1,5,15
1,6,LL,E09,N2,4,5,19
1,6,LL,E09,N3,7,5,8
1,6,LL,E09,N4,10,5,18
1,6,LL,E09,N5,13,6,9
1,6,HL,E09,N6,16,5,3
1,6,HL,E09,N7,19,4,8
1,6,HL,E09,N8,22,6,17
1,6,HL,E09,N9,25,4,15
1,6,HL,E09,N10,28,6,3
1,8,LL,E10,N1,1,5,15
1,8,LL,E10,N2,4,5,19
1,8,LL,E10,N3,7,5,8
1,8,LL,E10,N4,10,5,18
1,8,LL,E10,N5,13,6,9
1,8,HL,E10,N6,16,5,3
1,8,HL,E10,N7,19,4,8
1,8,HL,E10,N8,22,6,17
1,8,HL,E10,N9,25,4,15
1,8,HL,E10,N10,28,6,3
1,24,LL,E11,N1,1,5,15
1,24,LL,E11,N2,4,5,19
1,24,LL,E11,N3,7,5,8
1,24,LL,E11,N4,10,5,18
1,24,LL,E11,N5,13,6,9
1,24,HL,E11,N6,16,5,3
1,24,HL,E11,N7,19,4,8
1,24,HL,E11,N8,22,6,17
1,24,HL,E11,N9,25,4,15
1,24,HL,E11,N10,28,6,3
1,25,LL,F02,N1,1,5,15
1,25,LL,F02,N2,4,5,19
1,25,LL,F02,N3,7,5,8
1,25,LL,F02,N4,10,5,18
1,25,LL,F02,N5,13,6,9
1,25,HL,F02,N6,16,5,3
1,25,HL,F02,N7,19,4,8
1,25,HL,F02,N8,22,6,17
1,25,HL,F02,N9,25,4,15
1,25,HL,F02,N10,28,6,3
1,19,LL,F03,N1,1,5,15
1,19,LL,F03,N2,4,5,19
1,19,LL,F03,N3,7,5,8
1,19,LL,F03,N4,10,5,18
1,19,LL,F03,N5,13,6,9
1,19,HL,F03,N6,16,5,3
1,19,HL,F03,N7,19,4,8
1,19,HL,F03,N8,22,6,17
1,19,HL,F03,N9,25,4,15
1,19,HL,F03,N10,28,6,3
1,6,LL,F04,N1,1,5,15
1,6,LL,F04,N2,4,5,19
1,6,LL,F04,N3,7,5,8
1,6,LL,F04,N4,10,5,18
1,6,LL,F04,N5,13,6,9
1,6,HL,F04,N6,16,5,3
1,6,HL,F04,N7,19,4,8
1,6,HL,F04,N8,22,6,17
1,6,HL,F04,N9,25,4,15
1,6,HL,F04,N10,28,6,3
1,anc5,LL,F05,N1,1,5,15
1,anc5,LL,F05,N2,4,5,19
1,anc5,LL,F05,N3,7,5,8
1,anc5,LL,F05,N4,10,5,18
1,anc5,LL,F05,N5,13,6,9
1,anc5,HL,F05,N6,16,5,3
1,anc5,HL,F05,N7,19,4,8
1,anc5,HL,F05,N8,22,6,17
1,anc5,HL,F05,N9,25,4,15
1,anc5,HL,F05,N10,28,6,3
1,8,LL,F06,N1,1,5,15
1,8,LL,F06,N2,4,5,19
1,8,LL,F06,N3,7,5,8
1,8,LL,F06,N4,10,5,18
1,8,LL,F06,N5,13,6,9
1,8,HL,F06,N6,16,5,3
1,8,HL,F06,N7,19,4,8
1,8,HL,F06,N8,22,6,17
1,8,HL,F06,N9,25,4,15
1,8,HL,F06,N10,28,6,3
1,32,LL,F07,N1,1,5,15
1,32,LL,F07,N2,4,5,19
1,32,LL,F07,N3,7,5,8
1,32,LL,F07,N4,10,5,18
1,32,LL,F07,N5,13,6,9
1,32,HL,F07,N6,16,5,3
1,32,HL,F07,N7,19,4,8
1,32,HL,F07,N8,22,6,17
1,32,HL,F07,N9,25,4,15
1,32,HL,F07,N10,28,6,3
1,14,LL,F08,N1,1,5,15
1,14,LL,F08,N2,4,5,19
1,14,LL,F08,N3,7,5,8
1,14,LL,F08,N4,10,5,18
1,14,LL,F08,N5,13,6,9
1,14,HL,F08,N6,16,5,3
1,14,HL,F08,N7,19,4,8
1,14,HL,F08,N8,22,6,17
1,14,HL,F08,N9,25,4,15
1,14,HL,F08,N10,28,6,3
1,cc1629,LL,F09,N1,1,5,15
1,cc1629,LL,F09,N2,4,5,19
1,cc1629,LL,F09,N3,7,5,8
1,cc1629,LL,F09,N4,10,5,18
1,cc1629,LL,F09,N5,13,6,9
1,cc1629,HL,F09,N6,16,5,3
1,cc1629,HL,F09,N7,19,4,8
1,cc1629,HL,F09,N8,22,6,17
1,cc1629,HL,F09,N9,25,4,15
1,cc1629,HL,F09,N10,28,6,3
1,23,LL,F10,N1,1,5,15
1,23,LL,F10,N2,4,5,19
1,23,LL,F10,N3,7,5,8
1,23,LL,F10,N4,10,5,18
1,23,LL,F10,N5,13,6,9
1,23,HL,F10,N6,16,5,3
1,23,HL,F10,N7,19,4,8
1,23,HL,F10,N8,22,6,17
1,23,HL,F10,N9,25,4,15
1,23,HL,F10,N10,28,6,3
1,1,LL,F11,N1,1,5,15
1,1,LL,F11,N2,4,5,19
1,1,LL,F11,N3,7,5,8
1,1,LL,F11,N4,10,5,18
1,1,LL,F11,N5,13,6,9
1,1,HL,F11,N6,16,5,3
1,1,HL,F11,N7,19,4,8
1,1,HL,F11,N8,22,6,17
1,1,HL,F11,N9,25,4,15
1,1,HL,F11,N10,28,6,3
1,11,LL,G02,N1,1,5,15
1,11,LL,G02,N2,4,5,19
1,11,LL,G02,N3,7,5,8
1,11,LL,G02,N4,10,5,18
1,11,LL,G02,N5,13,6,9
1,11,HL,G02,N6,16,5,3
1,11,HL,G02,N7,19,4,8
1,11,HL,G02,N8,22,6,17
1,11,HL,G02,N9,25,4,15
1,11,HL,G02,N10,28,6,3
1,33,LL,G03,N1,1,5,15
1,33,LL,G03,N2,4,5,19
1,33,LL,G03,N3,7,5,8
1,33,LL,G03,N4,10,5,18
1,33,LL,G03,N5,13,6,9
1,33,HL,G03,N6,16,5,3
1,33,HL,G03,N7,19,4,8
1,33,HL,G03,N8,22,6,17
1,33,HL,G03,N9,25,4,15
1,33,HL,G03,N10,28,6,3
2,28,LL,B02,N1,2,5,16
2,28,LL,B02,N2,5,5,20
2,28,LL,B02,N3,8,5,9
2,28,LL,B02,N4,11,4,9
2,28,LL,B02,N5,14,6,2
2,28,HL,B02,N6,17,4,4
2,28,HL,B02,N7,20,4,2
2,28,HL,B02,N8,23,6,8
2,28,HL,B02,N9,26,4,3
2,28,HL,B02,N10,29,6,10
2,4,LL,B03,N1,2,5,16
2,4,LL,B03,N2,5,5,20
2,4,LL,B03,N3,8,5,9
2,4,LL,B03,N4,11,4,9
2,4,LL,B03,N5,14,6,2
2,4,HL,B03,N6,17,4,4
2,4,HL,B03,N7,20,4,2
2,4,HL,B03,N8,23,6,8
2,4,HL,B03,N9,26,4,3
2,4,HL,B03,N10,29,6,10
2,31,LL,B04,N1,2,5,16
2,31,LL,B04,N2,5,5,20
2,31,LL,B04,N3,8,5,9
2,31,LL,B04,N4,11,4,9
2,31,LL,B04,N5,14,6,2
2,31,HL,B04,N6,17,4,4
2,31,HL,B04,N7,20,4,2
2,31,HL,B04,N8,23,6,8
2,31,HL,B04,N9,26,4,3
2,31,HL,B04,N10,29,6,10
2,22,LL,B05,N1,2,5,16
2,22,LL,B05,N2,5,5,20
2,22,LL,B05,N3,8,5,9
2,22,LL,B05,N4,11,4,9
2,22,LL,B05,N5,14,6,2
2,22,HL,B05,N6,17,4,4
2,22,HL,B05,N7,20,4,2
2,22,HL,B05,N8,23,6,8
2,22,HL,B05,N9,26,4,3
2,22,HL,B05,N10,29,6,10
2,anc2,LL,B06,N1,2,5,16
2,anc2,LL,B06,N2,5,5,20
2,anc2,LL,B06,N3,8,5,9
2,anc2,LL,B06,N4,11,4,9
2,anc2,LL,B06,N5,14,6,2
2,anc2,HL,B06,N6,17,4,4
2,anc2,HL,B06,N7,20,4,2
2,anc2,HL,B06,N8,23,6,8
2,anc2,HL,B06,N9,26,4,3
2,anc2,HL,B06,N10,29,6,10
2,27,LL,B07,N1,2,5,16
2,27,LL,B07,N2,5,5,20
2,27,LL,B07,N3,8,5,9
2,27,LL,B07,N4,11,4,9
2,27,LL,B07,N5,14,6,2
2,27,HL,B07,N6,17,4,4
2,27,HL,B07,N7,20,4,2
2,27,HL,B07,N8,23,6,8
2,27,HL,B07,N9,26,4,3
2,27,HL,B07,N10,29,6,10
2,17,LL,B08,N1,2,5,16
2,17,LL,B08,N2,5,5,20
2,17,LL,B08,N3,8,5,9
2,17,LL,B08,N4,11,4,9
2,17,LL,B08,N5,14,6,2
2,17,HL,B08,N6,17,4,4
2,17,HL,B08,N7,20,4,2
2,17,HL,B08,N8,23,6,8
2,17,HL,B08,N9,26,4,3
2,17,HL,B08,N10,29,6,10
2,26,LL,B09,N1,2,5,16
2,26,LL,B09,N2,5,5,20
2,26,LL,B09,N3,8,5,9
2,26,LL,B09,N4,11,4,9
2,26,LL,B09,N5,14,6,2
2,26,HL,B09,N6,17,4,4
2,26,HL,B09,N7,20,4,2
2,26,HL,B09,N8,23,6,8
2,26,HL,B09,N9,26,4,3
2,26,HL,B09,N10,29,6,10
2,2,LL,B10,N1,2,5,16
2,2,LL,B10,N2,5,5,20
2,2,LL,B10,N3,8,5,9
2,2,LL,B10,N4,11,4,9
2,2,LL,B10,N5,14,6,2
2,2,HL,B10,N6,17,4,4
2,2,HL,B10,N7,20,4,2
2,2,HL,B10,N8,23,6,8
2,2,HL,B10,N9,26,4,3
2,2,HL,B10,N10,29,6,10
2,18,LL,B11,N1,2,5,16
2,18,LL,B11,N2,5,5,20
2,18,LL,B11,N3,8,5,9
2,18,LL,B11,N4,11,4,9
2,18,LL,B11,N5,14,6,2
2,18,HL,B11,N6,17,4,4
2,18,HL,B11,N7,20,4,2
2,18,HL,B11,N8,23,6,8
2,18,HL,B11,N9,26,4,3
2,18,HL,B11,N10,29,6,10
2,21,LL,C02,N1,2,5,16
2,21,LL,C02,N2,5,5,20
2,21,LL,C02,N3,8,5,9
2,21,LL,C02,N4,11,4,9
2,21,LL,C02,N5,14,6,2
2,21,HL,C02,N6,17,4,4
2,21,HL,C02,N7,20,4,2
2,21,HL,C02,N8,23,6,8
2,21,HL,C02,N9,26,4,3
2,21,HL,C02,N10,29,6,10
2,9,LL,C03,N1,2,5,16
2,9,LL,C03,N2,5,5,20
2,9,LL,C03,N3,8,5,9
2,9,LL,C03,N4,11,4,9
2,9,LL,C03,N5,14,6,2
2,9,HL,C03,N6,17,4,4
2,9,HL,C03,N7,20,4,2
2,9,HL,C03,N8,23,6,8
2,9,HL,C03,N9,26,4,3
2,9,HL,C03,N10,29,6,10
2,35,LL,C04,N1,2,5,16
2,35,LL,C04,N2,5,5,20
2,35,LL,C04,N3,8,5,9
2,35,LL,C04,N4,11,4,9
2,35,LL,C04,N5,14,6,2
2,35,HL,C04,N6,17,4,4
2,35,HL,C04,N7,20,4,2
2,35,HL,C04,N8,23,6,8
2,35,HL,C04,N9,26,4,3
2,35,HL,C04,N10,29,6,10
2,28,LL,C05,N1,2,5,16
2,28,LL,C05,N2,5,5,20
2,28,LL,C05,N3,8,5,9
2,28,LL,C05,N4,11,4,9
2,28,LL,C05,N5,14,6,2
2,28,HL,C05,N6,17,4,4
2,28,HL,C05,N7,20,4,2
2,28,HL,C05,N8,23,6,8
2,28,HL,C05,N9,26,4,3
2,28,HL,C05,N10,29,6,10
2,26,LL,C06,N1,2,5,16
2,26,LL,C06,N2,5,5,20
2,26,LL,C06,N3,8,5,9
2,26,LL,C06,N4,11,4,9
2,26,LL,C06,N5,14,6,2
2,26,HL,C06,N6,17,4,4
2,26,HL,C06,N7,20,4,2
2,26,HL,C06,N8,23,6,8
2,26,HL,C06,N9,26,4,3
2,26,HL,C06,N10,29,6,10
2,27,LL,C07,N1,2,5,16
2,27,LL,C07,N2,5,5,20
2,27,LL,C07,N3,8,5,9
2,27,LL,C07,N4,11,4,9
2,27,LL,C07,N5,14,6,2
2,27,HL,C07,N6,17,4,4
2,27,HL,C07,N7,20,4,2
2,27,HL,C07,N8,23,6,8
2,27,HL,C07,N9,26,4,3
2,27,HL,C07,N10,29,6,10
2,2,LL,C08,N1,2,5,16
2,2,LL,C08,N2,5,5,20
2,2,LL,C08,N3,8,5,9
2,2,LL,C08,N4,11,4,9
2,2,LL,C08,N5,14,6,2
2,2,HL,C08,N6,17,4,4
2,2,HL,C08,N7,20,4,2
2,2,HL,C08,N8,23,6,8
2,2,HL,C08,N9,26,4,3
2,2,HL,C08,N10,29,6,10
2,21,LL,C09,N1,2,5,16
2,21,LL,C09,N2,5,5,20
2,21,LL,C09,N3,8,5,9
2,21,LL,C09,N4,11,4,9
2,21,LL,C09,N5,14,6,2
2,21,HL,C09,N6,17,4,4
2,21,HL,C09,N7,20,4,2
2,21,HL,C09,N8,23,6,8
2,21,HL,C09,N9,26,4,3
2,21,HL,C09,N10,29,6,10
2,anc2,LL,C10,N1,2,5,16
2,anc2,LL,C10,N2,5,5,20
2,anc2,LL,C10,N3,8,5,9
2,anc2,LL,C10,N4,11,4,9
2,anc2,LL,C10,N5,14,6,2
2,anc2,HL,C10,N6,17,4,4
2,anc2,HL,C10,N7,20,4,2
2,anc2,HL,C10,N8,23,6,8
2,anc2,HL,C10,N9,26,4,3
2,anc2,HL,C10,N10,29,6,10
2,17,LL,C11,N1,2,5,16
2,17,LL,C11,N2,5,5,20
2,17,LL,C11,N3,8,5,9
2,17,LL,C11,N4,11,4,9
2,17,LL,C11,N5,14,6,2
2,17,HL,C11,N6,17,4,4
2,17,HL,C11,N7,20,4,2
2,17,HL,C11,N8,23,6,8
2,17,HL,C11,N9,26,4,3
2,17,HL,C11,N10,29,6,10
2,18,LL,D02,N1,2,5,16
2,18,LL,D02,N2,5,5,20
2,18,LL,D02,N3,8,5,9
2,18,LL,D02,N4,11,4,9
2,18,LL,D02,N5,14,6,2
2,18,HL,D02,N6,17,4,4
2,18,HL,D02,N7,20,4,2
2,18,HL,D02,N8,23,6,8
2,18,HL,D02,N9,26,4,3
2,18,HL,D02,N10,29,6,10
2,22,LL,D03,N1,2,5,16
2,22,LL,D03,N2,5,5,20
2,22,LL,D03,N3,8,5,9
2,22,LL,D03,N4,11,4,9
2,22,LL,D03,N5,14,6,2
2,22,HL,D03,N6,17,4,4
2,22,HL,D03,N7,20,4,2
2,22,HL,D03,N8,23,6,8
2,22,HL,D03,N9,26,4,3
2,22,HL,D03,N10,29,6,10
2,4,LL,D04,N1,2,5,16
2,4,LL,D04,N2,5,5,20
2,4,LL,D04,N3,8,5,9
2,4,LL,D04,N4,11,4,9
2,4,LL,D04,N5,14,6,2
2,4,HL,D04,N6,17,4,4
2,4,HL,D04,N7,20,4,2
2,4,HL,D04,N8,23,6,8
2,4,HL,D04,N9,26,4,3
2,4,HL,D04,N10,29,6,10
2,9,LL,D05,N1,2,5,16
2,9,LL,D05,N2,5,5,20
2,9,LL,D05,N3,8,5,9
2,9,LL,D05,N4,11,4,9
2,9,LL,D05,N5,14,6,2
2,9,HL,D05,N6,17,4,4
2,9,HL,D05,N7,20,4,2
2,9,HL,D05,N8,23,6,8
2,9,HL,D05,N9,26,4,3
2,9,HL,D05,N10,29,6,10
2,31,LL,D06,N1,2,5,16
2,31,LL,D06,N2,5,5,20
2,31,LL,D06,N3,8,5,9
2,31,LL,D06,N4,11,4,9
2,31,LL,D06,N5,14,6,2
2,31,HL,D06,N6,17,4,4
2,31,HL,D06,N7,20,4,2
2,31,HL,D06,N8,23,6,8
2,31,HL,D06,N9,26,4,3
2,31,HL,D06,N10,29,6,10
2,35,LL,D07,N1,2,5,16
2,35,LL,D07,N2,5,5,20
2,35,LL,D07,N3,8,5,9
2,35,LL,D07,N4,11,4,9
2,35,LL,D07,N5,14,6,2
2,35,HL,D07,N6,17,4,4
2,35,HL,D07,N7,20,4,2
2,35,HL,D07,N8,23,6,8
2,35,HL,D07,N9,26,4,3
2,35,HL,D07,N10,29,6,10
2,35,LL,D08,N1,2,5,16
2,35,LL,D08,N2,5,5,20
2,35,LL,D08,N3,8,5,9
2,35,LL,D08,N4,11,4,9
2,35,LL,D08,N5,14,6,2
2,35,HL,D08,N6,17,4,4
2,35,HL,D08,N7,20,4,2
2,35,HL,D08,N8,23,6,8
2,35,HL,D08,N9,26,4,3
2,35,HL,D08,N10,29,6,10
2,31,LL,D09,N1,2,5,16
2,31,LL,D09,N2,5,5,20
2,31,LL,D09,N3,8,5,9
2,31,LL,D09,N4,11,4,9
2,31,LL,D09,N5,14,6,2
2,31,HL,D09,N6,17,4,4
2,31,HL,D09,N7,20,4,2
2,31,HL,D09,N8,23,6,8
2,31,HL,D09,N9,26,4,3
2,31,HL,D09,N10,29,6,10
2,4,LL,D10,N1,2,5,16
2,4,LL,D10,N2,5,5,20
2,4,LL,D10,N3,8,5,9
2,4,LL,D10,N4,11,4,9
2,4,LL,D10,N5,14,6,2
2,4,HL,D10,N6,17,4,4
2,4,HL,D10,N7,20,4,2
2,4,HL,D10,N8,23,6,8
2,4,HL,D10,N9,26,4,3
2,4,HL,D10,N10,29,6,10
2,27,LL,D11,N1,2,5,16
2,27,LL,D11,N2,5,5,20
2,27,LL,D11,N3,8,5,9
2,27,LL,D11,N4,11,4,9
2,27,LL,D11,N5,14,6,2
2,27,HL,D11,N6,17,4,4
2,27,HL,D11,N7,20,4,2
2,27,HL,D11,N8,23,6,8
2,27,HL,D11,N9,26,4,3
2,27,HL,D11,N10,29,6,10
2,26,LL,E02,N1,2,5,16
2,26,LL,E02,N2,5,5,20
2,26,LL,E02,N3,8,5,9
2,26,LL,E02,N4,11,4,9
2,26,LL,E02,N5,14,6,2
2,26,HL,E02,N6,17,4,4
2,26,HL,E02,N7,20,4,2
2,26,HL,E02,N8,23,6,8
2,26,HL,E02,N9,26,4,3
2,26,HL,E02,N10,29,6,10
2,28,LL,E03,N1,2,5,16
2,28,LL,E03,N2,5,5,20
2,28,LL,E03,N3,8,5,9
2,28,LL,E03,N4,11,4,9
2,28,LL,E03,N5,14,6,2
2,28,HL,E03,N6,17,4,4
2,28,HL,E03,N7,20,4,2
2,28,HL,E03,N8,23,6,8
2,28,HL,E03,N9,26,4,3
2,28,HL,E03,N10,29,6,10
2,2,LL,E04,N1,2,5,16
2,2,LL,E04,N2,5,5,20
2,2,LL,E04,N3,8,5,9
2,2,LL,E04,N4,11,4,9
2,2,LL,E04,N5,14,6,2
2,2,HL,E04,N6,17,4,4
2,2,HL,E04,N7,20,4,2
2,2,HL,E04,N8,23,6,8
2,2,HL,E04,N9,26,4,3
2,2,HL,E04,N10,29,6,10
2,anc2,LL,E05,N1,2,5,16
2,anc2,LL,E05,N2,5,5,20
2,anc2,LL,E05,N3,8,5,9
2,anc2,LL,E05,N4,11,4,9
2,anc2,LL,E05,N5,14,6,2
2,anc2,HL,E05,N6,17,4,4
2,anc2,HL,E05,N7,20,4,2
2,anc2,HL,E05,N8,23,6,8
2,anc2,HL,E05,N9,26,4,3
2,anc2,HL,E05,N10,29,6,10
2,18,LL,E06,N1,2,5,16
2,18,LL,E06,N2,5,5,20
2,18,LL,E06,N3,8,5,9
2,18,LL,E06,N4,11,4,9
2,18,LL,E06,N5,14,6,2
2,18,HL,E06,N6,17,4,4
2,18,HL,E06,N7,20,4,2
2,18,HL,E06,N8,23,6,8
2,18,HL,E06,N9,26,4,3
2,18,HL,E06,N10,29,6,10
2,17,LL,E07,N1,2,5,16
2,17,LL,E07,N2,5,5,20
2,17,LL,E07,N3,8,5,9
2,17,LL,E07,N4,11,4,9
2,17,LL,E07,N5,14,6,2
2,17,HL,E07,N6,17,4,4
2,17,HL,E07,N7,20,4,2
2,17,HL,E07,N8,23,6,8
2,17,HL,E07,N9,26,4,3
2,17,HL,E07,N10,29,6,10
2,9,LL,E08,N1,2,5,16
2,9,LL,E08,N2,5,5,20
2,9,LL,E08,N3,8,5,9
2,9,LL,E08,N4,11,4,9
2,9,LL,E08,N5,14,6,2
2,9,HL,E08,N6,17,4,4
2,9,HL,E08,N7,20,4,2
2,9,HL,E08,N8,23,6,8
2,9,HL,E08,N9,26,4,3
2,9,HL,E08,N10,29,6,10
2,21,LL,E09,N1,2,5,16
2,21,LL,E09,N2,5,5,20
2,21,LL,E09,N3,8,5,9
2,21,LL,E09,N4,11,4,9
2,21,LL,E09,N5,14,6,2
2,21,HL,E09,N6,17,4,4
2,21,HL,E09,N7,20,4,2
2,21,HL,E09,N8,23,6,8
2,21,HL,E09,N9,26,4,3
2,21,HL,E09,N10,29,6,10
2,22,LL,E10,N1,2,5,16
2,22,LL,E10,N2,5,5,20
2,22,LL,E10,N3,8,5,9
2,22,LL,E10,N4,11,4,9
2,22,LL,E10,N5,14,6,2
2,22,HL,E10,N6,17,4,4
2,22,HL,E10,N7,20,4,2
2,22,HL,E10,N8,23,6,8
2,22,HL,E10,N9,26,4,3
2,22,HL,E10,N10,29,6,10
2,18,LL,E11,N1,2,5,16
2,18,LL,E11,N2,5,5,20
2,18,LL,E11,N3,8,5,9
2,18,LL,E11,N4,11,4,9
2,18,LL,E11,N5,14,6,2
2,18,HL,E11,N6,17,4,4
2,18,HL,E11,N7,20,4,2
2,18,HL,E11,N8,23,6,8
2,18,HL,E11,N9,26,4,3
2,18,HL,E11,N10,29,6,10
2,28,LL,F02,N1,2,5,16
2,28,LL,F02,N2,5,5,20
2,28,LL,F02,N3,8,5,9
2,28,LL,F02,N4,11,4,9
2,28,LL,F02,N5,14,6,2
2,28,HL,F02,N6,17,4,4
2,28,HL,F02,N7,20,4,2
2,28,HL,F02,N8,23,6,8
2,28,HL,F02,N9,26,4,3
2,28,HL,F02,N10,29,6,10
2,4,LL,F03,N1,2,5,16
2,4,LL,F03,N2,5,5,20
2,4,LL,F03,N3,8,5,9
2,4,LL,F03,N4,11,4,9
2,4,LL,F03,N5,14,6,2
2,4,HL,F03,N6,17,4,4
2,4,HL,F03,N7,20,4,2
2,4,HL,F03,N8,23,6,8
2,4,HL,F03,N9,26,4,3
2,4,HL,F03,N10,29,6,10
2,21,LL,F04,N1,2,5,16
2,21,LL,F04,N2,5,5,20
2,21,LL,F04,N3,8,5,9
2,21,LL,F04,N4,11,4,9
2,21,LL,F04,N5,14,6,2
2,21,HL,F04,N6,17,4,4
2,21,HL,F04,N7,20,4,2
2,21,HL,F04,N8,23,6,8
2,21,HL,F04,N9,26,4,3
2,21,HL,F04,N10,29,6,10
2,17,LL,F05,N1,2,5,16
2,17,LL,F05,N2,5,5,20
2,17,LL,F05,N3,8,5,9
2,17,LL,F05,N4,11,4,9
2,17,LL,F05,N5,14,6,2
2,17,HL,F05,N6,17,4,4
2,17,HL,F05,N7,20,4,2
2,17,HL,F05,N8,23,6,8
2,17,HL,F05,N9,26,4,3
2,17,HL,F05,N10,29,6,10
2,22,LL,F06,N1,2,5,16
2,22,LL,F06,N2,5,5,20
2,22,LL,F06,N3,8,5,9
2,22,LL,F06,N4,11,4,9
2,22,LL,F06,N5,14,6,2
2,22,HL,F06,N6,17,4,4
2,22,HL,F06,N7,20,4,2
2,22,HL,F06,N8,23,6,8
2,22,HL,F06,N9,26,4,3
2,22,HL,F06,N10,29,6,10
2,35,LL,F07,N1,2,5,16
2,35,LL,F07,N2,5,5,20
2,35,LL,F07,N3,8,5,9
2,35,LL,F07,N4,11,4,9
2,35,LL,F07,N5,14,6,2
2,35,HL,F07,N6,17,4,4
2,35,HL,F07,N7,20,4,2
2,35,HL,F07,N8,23,6,8
2,35,HL,F07,N9,26,4,3
2,35,HL,F07,N10,29,6,10
2,31,LL,F08,N1,2,5,16
2,31,LL,F08,N2,5,5,20
2,31,LL,F08,N3,8,5,9
2,31,LL,F08,N4,11,4,9
2,31,LL,F08,N5,14,6,2
2,31,HL,F08,N6,17,4,4
2,31,HL,F08,N7,20,4,2
2,31,HL,F08,N8,23,6,8
2,31,HL,F08,N9,26,4,3
2,31,HL,F08,N10,29,6,10
2,2,LL,F09,N1,2,5,16
2,2,LL,F09,N2,5,5,20
2,2,LL,F09,N3,8,5,9
2,2,LL,F09,N4,11,4,9
2,2,LL,F09,N5,14,6,2
2,2,HL,F09,N6,17,4,4
2,2,HL,F09,N7,20,4,2
2,2,HL,F09,N8,23,6,8
2,2,HL,F09,N9,26,4,3
2,2,HL,F09,N10,29,6,10
2,anc2,LL,F10,N1,2,5,16
2,anc2,LL,F10,N2,5,5,20
2,anc2,LL,F10,N3,8,5,9
2,anc2,LL,F10,N4,11,4,9
2,anc2,LL,F10,N5,14,6,2
2,anc2,HL,F10,N6,17,4,4
2,anc2,HL,F10,N7,20,4,2
2,anc2,HL,F10,N8,23,6,8
2,anc2,HL,F10,N9,26,4,3
2,anc2,HL,F10,N10,29,6,10
2,26,LL,F11,N1,2,5,16
2,26,LL,F11,N2,5,5,20
2,26,LL,F11,N3,8,5,9
2,26,LL,F11,N4,11,4,9
2,26,LL,F11,N5,14,6,2
2,26,HL,F11,N6,17,4,4
2,26,HL,F11,N7,20,4,2
2,26,HL,F11,N8,23,6,8
2,26,HL,F11,N9,26,4,3
2,26,HL,F11,N10,29,6,10
2,27,LL,G02,N1,2,5,16
2,27,LL,G02,N2,5,5,20
2,27,LL,G02,N3,8,5,9
2,27,LL,G02,N4,11,4,9
2,27,LL,G02,N5,14,6,2
2,27,HL,G02,N6,17,4,4
2,27,HL,G02,N7,20,4,2
2,27,HL,G02,N8,23,6,8
2,27,HL,G02,N9,26,4,3
2,27,HL,G02,N10,29,6,10
2,9,LL,G03,N1,2,5,16
2,9,LL,G03,N2,5,5,20
2,9,LL,G03,N3,8,5,9
2,9,LL,G03,N4,11,4,9
2,9,LL,G03,N5,14,6,2
2,9,HL,G03,N6,17,4,4
2,9,HL,G03,N7,20,4,2
2,9,HL,G03,N8,23,6,8
2,9,HL,G03,N9,26,4,3
2,9,HL,G03,N10,29,6,10
3,15,LL,B02,N1,3,5,17
3,15,LL,B02,N2,6,5,21
3,15,LL,B02,N3,9,5,2
3,15,LL,B02,N4,12,4,1
3,15,LL,B02,N5,15,6,15
3,15,HL,B02,N6,18,6,4
3,15,HL,B02,N7,21,4,17
3,15,HL,B02,N8,24,6,1
3,15,HL,B02,N9,27,4,16
3,15,HL,B02,N10,30,4,10
3,3,LL,B03,N1,3,5,17
3,3,LL,B03,N2,6,5,21
3,3,LL,B03,N3,9,5,2
3,3,LL,B03,N4,12,4,1
3,3,LL,B03,N5,15,6,15
3,3,HL,B03,N6,18,6,4
3,3,HL,B03,N7,21,4,17
3,3,HL,B03,N8,24,6,1
3,3,HL,B03,N9,27,4,16
3,3,HL,B03,N10,30,4,10
3,cc1690,LL,B04,N1,3,5,17
3,cc1690,LL,B04,N2,6,5,21
3,cc1690,LL,B04,N3,9,5,2
3,cc1690,LL,B04,N4,12,4,1
3,cc1690,LL,B04,N5,15,6,15
3,cc1690,HL,B04,N6,18,6,4
3,cc1690,HL,B04,N7,21,4,17
3,cc1690,HL,B04,N8,24,6,1
3,cc1690,HL,B04,N9,27,4,16
3,cc1690,HL,B04,N10,30,4,10
3,16,LL,B05,N1,3,5,17
3,16,LL,B05,N2,6,5,21
3,16,LL,B05,N3,9,5,2
3,16,LL,B05,N4,12,4,1
3,16,LL,B05,N5,15,6,15
3,16,HL,B05,N6,18,6,4
3,16,HL,B05,N7,21,4,17
3,16,HL,B05,N8,24,6,1
3,16,HL,B05,N9,27,4,16
3,16,HL,B05,N10,30,4,10
3,20,LL,B06,N1,3,5,17
3,20,LL,B06,N2,6,5,21
3,20,LL,B06,N3,9,5,2
3,20,LL,B06,N4,12,4,1
3,20,LL,B06,N5,15,6,15
3,20,HL,B06,N6,18,6,4
3,20,HL,B06,N7,21,4,17
3,20,HL,B06,N8,24,6,1
3,20,HL,B06,N9,27,4,16
3,20,HL,B06,N10,30,4,10
3,anc3,LL,B07,N1,3,5,17
3,anc3,LL,B07,N2,6,5,21
3,anc3,LL,B07,N3,9,5,2
3,anc3,LL,B07,N4,12,4,1
3,anc3,LL,B07,N5,15,6,15
3,anc3,HL,B07,N6,18,6,4
3,anc3,HL,B07,N7,21,4,17
3,anc3,HL,B07,N8,24,6,1
3,anc3,HL,B07,N9,27,4,16
3,anc3,HL,B07,N10,30,4,10
3,7,LL,B08,N1,3,5,17
3,7,LL,B08,N2,6,5,21
3,7,LL,B08,N3,9,5,2
3,7,LL,B08,N4,12,4,1
3,7,LL,B08,N5,15,6,15
3,7,HL,B08,N6,18,6,4
3,7,HL,B08,N7,21,4,17
3,7,HL,B08,N8,24,6,1
3,7,HL,B08,N9,27,4,16
3,7,HL,B08,N10,30,4,10
3,5,LL,B09,N1,3,5,17
3,5,LL,B09,N2,6,5,21
3,5,LL,B09,N3,9,5,2
3,5,LL,B09,N4,12,4,1
3,5,LL,B09,N5,15,6,15
3,5,HL,B09,N6,18,6,4
3,5,HL,B09,N7,21,4,17
3,5,HL,B09,N8,24,6,1
3,5,HL,B09,N9,27,4,16
3,5,HL,B09,N10,30,4,10
3,29,LL,B10,N1,3,5,17
3,29,LL,B10,N2,6,5,21
3,29,LL,B10,N3,9,5,2
3,29,LL,B10,N4,12,4,1
3,29,LL,B10,N5,15,6,15
3,29,HL,B10,N6,18,6,4
3,29,HL,B10,N7,21,4,17
3,29,HL,B10,N8,24,6,1
3,29,HL,B10,N9,27,4,16
3,29,HL,B10,N10,30,4,10
3,anc4,LL,B11,N1,3,5,17
3,anc4,LL,B11,N2,6,5,21
3,anc4,LL,B11,N3,9,5,2
3,anc4,LL,B11,N4,12,4,1
3,anc4,LL,B11,N5,15,6,15
3,anc4,HL,B11,N6,18,6,4
3,anc4,HL,B11,N7,21,4,17
3,anc4,HL,B11,N8,24,6,1
3,anc4,HL,B11,N9,27,4,16
3,anc4,HL,B11,N10,30,4,10
3,10,LL,C02,N1,3,5,17
3,10,LL,C02,N2,6,5,21
3,10,LL,C02,N3,9,5,2
3,10,LL,C02,N4,12,4,1
3,10,LL,C02,N5,15,6,15
3,10,HL,C02,N6,18,6,4
3,10,HL,C02,N7,21,4,17
3,10,HL,C02,N8,24,6,1
3,10,HL,C02,N9,27,4,16
3,10,HL,C02,N10,30,4,10
3,30,LL,C03,N1,3,5,17
3,30,LL,C03,N2,6,5,21
3,30,LL,C03,N3,9,5,2
3,30,LL,C03,N4,12,4,1
3,30,LL,C03,N5,15,6,15
3,30,HL,C03,N6,18,6,4
3,30,HL,C03,N7,21,4,17
3,30,HL,C03,N8,24,6,1
3,30,HL,C03,N9,27,4,16
3,30,HL,C03,N10,30,4,10
3,5,LL,C04,N1,3,5,17
3,5,LL,C04,N2,6,5,21
3,5,LL,C04,N3,9,5,2
3,5,LL,C04,N4,12,4,1
3,5,LL,C04,N5,15,6,15
3,5,HL,C04,N6,18,6,4
3,5,HL,C04,N7,21,4,17
3,5,HL,C04,N8,24,6,1
3,5,HL,C04,N9,27,4,16
3,5,HL,C04,N10,30,4,10
3,cc1690,LL,C05,N1,3,5,17
3,cc1690,LL,C05,N2,6,5,21
3,cc1690,LL,C05,N3,9,5,2
3,cc1690,LL,C05,N4,12,4,1
3,cc1690,LL,C05,N5,15,6,15
3,cc1690,HL,C05,N6,18,6,4
3,cc1690,HL,C05,N7,21,4,17
3,cc1690,HL,C05,N8,24,6,1
3,cc1690,HL,C05,N9,27,4,16
3,cc1690,HL,C05,N10,30,4,10
3,anc3,LL,C06,N1,3,5,17
3,anc3,LL,C06,N2,6,5,21
3,anc3,LL,C06,N3,9,5,2
3,anc3,LL,C06,N4,12,4,1
3,anc3,LL,C06,N5,15,6,15
3,anc3,HL,C06,N6,18,6,4
3,anc3,HL,C06,N7,21,4,17
3,anc3,HL,C06,N8,24,6,1
3,anc3,HL,C06,N9,27,4,16
3,anc3,HL,C06,N10,30,4,10
3,7,LL,C07,N1,3,5,17
3,7,LL,C07,N2,6,5,21
3,7,LL,C07,N3,9,5,2
3,7,LL,C07,N4,12,4,1
3,7,LL,C07,N5,15,6,15
3,7,HL,C07,N6,18,6,4
3,7,HL,C07,N7,21,4,17
3,7,HL,C07,N8,24,6,1
3,7,HL,C07,N9,27,4,16
3,7,HL,C07,N10,30,4,10
3,16,LL,C08,N1,3,5,17
3,16,LL,C08,N2,6,5,21
3,16,LL,C08,N3,9,5,2
3,16,LL,C08,N4,12,4,1
3,16,LL,C08,N5,15,6,15
3,16,HL,C08,N6,18,6,4
3,16,HL,C08,N7,21,4,17
3,16,HL,C08,N8,24,6,1
3,16,HL,C08,N9,27,4,16
3,16,HL,C08,N10,30,4,10
3,30,LL,C09,N1,3,5,17
3,30,LL,C09,N2,6,5,21
3,30,LL,C09,N3,9,5,2
3,30,LL,C09,N4,12,4,1
3,30,LL,C09,N5,15,6,15
3,30,HL,C09,N6,18,6,4
3,30,HL,C09,N7,21,4,17
3,30,HL,C09,N8,24,6,1
3,30,HL,C09,N9,27,4,16
3,30,HL,C09,N10,30,4,10
3,3,LL,C10,N1,3,5,17
3,3,LL,C10,N2,6,5,21
3,3,LL,C10,N3,9,5,2
3,3,LL,C10,N4,12,4,1
3,3,LL,C10,N5,15,6,15
3,3,HL,C10,N6,18,6,4
3,3,HL,C10,N7,21,4,17
3,3,HL,C10,N8,24,6,1
3,3,HL,C10,N9,27,4,16
3,3,HL,C10,N10,30,4,10
3,15,LL,C11,N1,3,5,17
3,15,LL,C11,N2,6,5,21
3,15,LL,C11,N3,9,5,2
3,15,LL,C11,N4,12,4,1
3,15,LL,C11,N5,15,6,15
3,15,HL,C11,N6,18,6,4
3,15,HL,C11,N7,21,4,17
3,15,HL,C11,N8,24,6,1
3,15,HL,C11,N9,27,4,16
3,15,HL,C11,N10,30,4,10
3,29,LL,D02,N1,3,5,17
3,29,LL,D02,N2,6,5,21
3,29,LL,D02,N3,9,5,2
3,29,LL,D02,N4,12,4,1
3,29,LL,D02,N5,15,6,15
3,29,HL,D02,N6,18,6,4
3,29,HL,D02,N7,21,4,17
3,29,HL,D02,N8,24,6,1
3,29,HL,D02,N9,27,4,16
3,29,HL,D02,N10,30,4,10
3,20,LL,D03,N1,3,5,17
3,20,LL,D03,N2,6,5,21
3,20,LL,D03,N3,9,5,2
3,20,LL,D03,N4,12,4,1
3,20,LL,D03,N5,15,6,15
3,20,HL,D03,N6,18,6,4
3,20,HL,D03,N7,21,4,17
3,20,HL,D03,N8,24,6,1
3,20,HL,D03,N9,27,4,16
3,20,HL,D03,N10,30,4,10
3,anc4,LL,D04,N1,3,5,17
3,anc4,LL,D04,N2,6,5,21
3,anc4,LL,D04,N3,9,5,2
3,anc4,LL,D04,N4,12,4,1
3,anc4,LL,D04,N5,15,6,15
3,anc4,HL,D04,N6,18,6,4
3,anc4,HL,D04,N7,21,4,17
3,anc4,HL,D04,N8,24,6,1
3,anc4,HL,D04,N9,27,4,16
3,anc4,HL,D04,N10,30,4,10
3,10,LL,D05,N1,3,5,17
3,10,LL,D05,N2,6,5,21
3,10,LL,D05,N3,9,5,2
3,10,LL,D05,N4,12,4,1
3,10,LL,D05,N5,15,6,15
3,10,HL,D05,N6,18,6,4
3,10,HL,D05,N7,21,4,17
3,10,HL,D05,N8,24,6,1
3,10,HL,D05,N9,27,4,16
3,10,HL,D05,N10,30,4,10
3,5,LL,D06,N1,3,5,17
3,5,LL,D06,N2,6,5,21
3,5,LL,D06,N3,9,5,2
3,5,LL,D06,N4,12,4,1
3,5,LL,D06,N5,15,6,15
3,5,HL,D06,N6,18,6,4
3,5,HL,D06,N7,21,4,17
3,5,HL,D06,N8,24,6,1
3,5,HL,D06,N9,27,4,16
3,5,HL,D06,N10,30,4,10
3,anc3,LL,D07,N1,3,5,17
3,anc3,LL,D07,N2,6,5,21
3,anc3,LL,D07,N3,9,5,2
3,anc3,LL,D07,N4,12,4,1
3,anc3,LL,D07,N5,15,6,15
3,anc3,HL,D07,N6,18,6,4
3,anc3,HL,D07,N7,21,4,17
3,anc3,HL,D07,N8,24,6,1
3,anc3,HL,D07,N9,27,4,16
3,anc3,HL,D07,N10,30,4,10
3,20,LL,D08,N1,3,5,17
3,20,LL,D08,N2,6,5,21
3,20,LL,D08,N3,9,5,2
3,20,LL,D08,N4,12,4,1
3,20,LL,D08,N5,15,6,15
3,20,HL,D08,N6,18,6,4
3,20,HL,D08,N7,21,4,17
3,20,HL,D08,N8,24,6,1
3,20,HL,D08,N9,27,4,16
3,20,HL,D08,N10,30,4,10
3,3,LL,D09,N1,3,5,17
3,3,LL,D09,N2,6,5,21
3,3,LL,D09,N3,9,5,2
3,3,LL,D09,N4,12,4,1
3,3,LL,D09,N5,15,6,15
3,3,HL,D09,N6,18,6,4
3,3,HL,D09,N7,21,4,17
3,3,HL,D09,N8,24,6,1
3,3,HL,D09,N9,27,4,16
3,3,HL,D09,N10,30,4,10
3,7,LL,D10,N1,3,5,17
3,7,LL,D10,N2,6,5,21
3,7,LL,D10,N3,9,5,2
3,7,LL,D10,N4,12,4,1
3,7,LL,D10,N5,15,6,15
3,7,HL,D10,N6,18,6,4
3,7,HL,D10,N7,21,4,17
3,7,HL,D10,N8,24,6,1
3,7,HL,D10,N9,27,4,16
3,7,HL,D10,N10,30,4,10
3,10,LL,D11,N1,3,5,17
3,10,LL,D11,N2,6,5,21
3,10,LL,D11,N3,9,5,2
3,10,LL,D11,N4,12,4,1
3,10,LL,D11,N5,15,6,15
3,10,HL,D11,N6,18,6,4
3,10,HL,D11,N7,21,4,17
3,10,HL,D11,N8,24,6,1
3,10,HL,D11,N9,27,4,16
3,10,HL,D11,N10,30,4,10
3,anc4,LL,E02,N1,3,5,17
3,anc4,LL,E02,N2,6,5,21
3,anc4,LL,E02,N3,9,5,2
3,anc4,LL,E02,N4,12,4,1
3,anc4,LL,E02,N5,15,6,15
3,anc4,HL,E02,N6,18,6,4
3,anc4,HL,E02,N7,21,4,17
3,anc4,HL,E02,N8,24,6,1
3,anc4,HL,E02,N9,27,4,16
3,anc4,HL,E02,N10,30,4,10
3,30,LL,E03,N1,3,5,17
3,30,LL,E03,N2,6,5,21
3,30,LL,E03,N3,9,5,2
3,30,LL,E03,N4,12,4,1
3,30,LL,E03,N5,15,6,15
3,30,HL,E03,N6,18,6,4
3,30,HL,E03,N7,21,4,17
3,30,HL,E03,N8,24,6,1
3,30,HL,E03,N9,27,4,16
3,30,HL,E03,N10,30,4,10
3,16,LL,E04,N1,3,5,17
3,16,LL,E04,N2,6,5,21
3,16,LL,E04,N3,9,5,2
3,16,LL,E04,N4,12,4,1
3,16,LL,E04,N5,15,6,15
3,16,HL,E04,N6,18,6,4
3,16,HL,E04,N7,21,4,17
3,16,HL,E04,N8,24,6,1
3,16,HL,E04,N9,27,4,16
3,16,HL,E04,N10,30,4,10
3,cc1690,LL,E05,N1,3,5,17
3,cc1690,LL,E05,N2,6,5,21
3,cc1690,LL,E05,N3,9,5,2
3,cc1690,LL,E05,N4,12,4,1
3,cc1690,LL,E05,N5,15,6,15
3,cc1690,HL,E05,N6,18,6,4
3,cc1690,HL,E05,N7,21,4,17
3,cc1690,HL,E05,N8,24,6,1
3,cc1690,HL,E05,N9,27,4,16
3,cc1690,HL,E05,N10,30,4,10
3,29,LL,E06,N1,3,5,17
3,29,LL,E06,N2,6,5,21
3,29,LL,E06,N3,9,5,2
3,29,LL,E06,N4,12,4,1
3,29,LL,E06,N5,15,6,15
3,29,HL,E06,N6,18,6,4
3,29,HL,E06,N7,21,4,17
3,29,HL,E06,N8,24,6,1
3,29,HL,E06,N9,27,4,16
3,29,HL,E06,N10,30,4,10
3,15,LL,E07,N1,3,5,17
3,15,LL,E07,N2,6,5,21
3,15,LL,E07,N3,9,5,2
3,15,LL,E07,N4,12,4,1
3,15,LL,E07,N5,15,6,15
3,15,HL,E07,N6,18,6,4
3,15,HL,E07,N7,21,4,17
3,15,HL,E07,N8,24,6,1
3,15,HL,E07,N9,27,4,16
3,15,HL,E07,N10,30,4,10
3,30,LL,E08,N1,3,5,17
3,30,LL,E08,N2,6,5,21
3,30,LL,E08,N3,9,5,2
3,30,LL,E08,N4,12,4,1
3,30,LL,E08,N5,15,6,15
3,30,HL,E08,N6,18,6,4
3,30,HL,E08,N7,21,4,17
3,30,HL,E08,N8,24,6,1
3,30,HL,E08,N9,27,4,16
3,30,HL,E08,N10,30,4,10
3,20,LL,E09,N1,3,5,17
3,20,LL,E09,N2,6,5,21
3,20,LL,E09,N3,9,5,2
3,20,LL,E09,N4,12,4,1
3,20,LL,E09,N5,15,6,15
3,20,HL,E09,N6,18,6,4
3,20,HL,E09,N7,21,4,17
3,20,HL,E09,N8,24,6,1
3,20,HL,E09,N9,27,4,16
3,20,HL,E09,N10,30,4,10
3,5,LL,E10,N1,3,5,17
3,5,LL,E10,N2,6,5,21
3,5,LL,E10,N3,9,5,2
3,5,LL,E10,N4,12,4,1
3,5,LL,E10,N5,15,6,15
3,5,HL,E10,N6,18,6,4
3,5,HL,E10,N7,21,4,17
3,5,HL,E10,N8,24,6,1
3,5,HL,E10,N9,27,4,16
3,5,HL,E10,N10,30,4,10
3,16,LL,E11,N1,3,5,17
3,16,LL,E11,N2,6,5,21
3,16,LL,E11,N3,9,5,2
3,16,LL,E11,N4,12,4,1
3,16,LL,E11,N5,15,6,15
3,16,HL,E11,N6,18,6,4
3,16,HL,E11,N7,21,4,17
3,16,HL,E11,N8,24,6,1
3,16,HL,E11,N9,27,4,16
3,16,HL,E11,N10,30,4,10
3,15,LL,F02,N1,3,5,17
3,15,LL,F02,N2,6,5,21
3,15,LL,F02,N3,9,5,2
3,15,LL,F02,N4,12,4,1
3,15,LL,F02,N5,15,6,15
3,15,HL,F02,N6,18,6,4
3,15,HL,F02,N7,21,4,17
3,15,HL,F02,N8,24,6,1
3,15,HL,F02,N9,27,4,16
3,15,HL,F02,N10,30,4,10
3,7,LL,F03,N1,3,5,17
3,7,LL,F03,N2,6,5,21
3,7,LL,F03,N3,9,5,2
3,7,LL,F03,N4,12,4,1
3,7,LL,F03,N5,15,6,15
3,7,HL,F03,N6,18,6,4
3,7,HL,F03,N7,21,4,17
3,7,HL,F03,N8,24,6,1
3,7,HL,F03,N9,27,4,16
3,7,HL,F03,N10,30,4,10
3,29,LL,F04,N1,3,5,17
3,29,LL,F04,N2,6,5,21
3,29,LL,F04,N3,9,5,2
3,29,LL,F04,N4,12,4,1
3,29,LL,F04,N5,15,6,15
3,29,HL,F04,N6,18,6,4
3,29,HL,F04,N7,21,4,17
3,29,HL,F04,N8,24,6,1
3,29,HL,F04,N9,27,4,16
3,29,HL,F04,N10,30,4,10
3,anc3,LL,F05,N1,3,5,17
3,anc3,LL,F05,N2,6,5,21
3,anc3,LL,F05,N3,9,5,2
3,anc3,LL,F05,N4,12,4,1
3,anc3,LL,F05,N5,15,6,15
3,anc3,HL,F05,N6,18,6,4
3,anc3,HL,F05,N7,21,4,17
3,anc3,HL,F05,N8,24,6,1
3,anc3,HL,F05,N9,27,4,16
3,anc3,HL,F05,N10,30,4,10
3,anc4,LL,F06,N1,3,5,17
3,anc4,LL,F06,N2,6,5,21
3,anc4,LL,F06,N3,9,5,2
3,anc4,LL,F06,N4,12,4,1
3,anc4,LL,F06,N5,15,6,15
3,anc4,HL,F06,N6,18,6,4
3,anc4,HL,F06,N7,21,4,17
3,anc4,HL,F06,N8,24,6,1
3,anc4,HL,F06,N9,27,4,16
3,anc4,HL,F06,N10,30,4,10
3,cc1690,LL,F07,N1,3,5,17
3,cc1690,LL,F07,N2,6,5,21
3,cc1690,LL,F07,N3,9,5,2
3,cc1690,LL,F07,N4,12,4,1
3,cc1690,LL,F07,N5,15,6,15
3,cc1690,HL,F07,N6,18,6,4
3,cc1690,HL,F07,N7,21,4,17
3,cc1690,HL,F07,N8,24,6,1
3,cc1690,HL,F07,N9,27,4,16
3,cc1690,HL,F07,N10,30,4,10
3,10,LL,F08,N1,3,5,17
3,10,LL,F08,N2,6,5,21
3,10,LL,F08,N3,9,5,2
3,10,LL,F08,N4,12,4,1
3,10,LL,F08,N5,15,6,15
3,10,HL,F08,N6,18,6,4
3,10,HL,F08,N7,21,4,17
3,10,HL,F08,N8,24,6,1
3,10,HL,F08,N9,27,4,16
3,10,HL,F08,N10,30,4,10
3,3,LL,F09,N1,3,5,17
3,3,LL,F09,N2,6,5,21
3,3,LL,F09,N3,9,5,2
3,3,LL,F09,N4,12,4,1
3,3,LL,F09,N5,15,6,15
3,3,HL,F09,N6,18,6,4
3,3,HL,F09,N7,21,4,17
3,3,HL,F09,N8,24,6,1
3,3,HL,F09,N9,27,4,16
3,3,HL,F09,N10,30,4,10
